Passions,10
issued,10
Roche,10
teaching,10
Henri,10
surrounding,10
proclaiming,10
Laye,10
Arthur,10
defeat,10
action,10
looted,10
crisis,10
ruleth,10
Thompson,10
designed,10
truce,10
Selected,10
inflicted,10
killed,10
classified,10
concord,10
measure,10
repress,10
Stanford,10
leading,10
instance,10
Viewing,10
class,10
treaty,10
wounded,10
supporter,10
outrage,10
Medici,10
Louis,10
lending,10
Isabella,10
mark,10
fund,10
General,10
engaged,10
commander,10
absolved,10
statue,10
command,10
stating,10
royal,10
citizen,10
Pearson,10
descendant,10
embodied,10
step,10
ensue,10
November,10
forbade,10
Guide,10
Charles,10
Cross,10
restoration,10
Modern,10
jewel,10
Robert,9
existence,9
gallows,9
William,9
pattern,9
defense,9
governor,9
Rochelle,9
uniting,9
stake,9
battle,8
topic,8
troop,8
exile,8
Sixteenth,8
majority,8
revoking,7
Reigns,7
queen,7
seized,7
capital,7
men,7
coupled,7
insult,7
issue,7
withdrawn,7
interest,7
unity,7
resistance,6
exercise,6
Clara,6
Cardinal,6
clergy,6
establishment,6
society,6
struggle,6
enraged,6
ISBN,6
forces,6
Anne,6
instituted,6
capture,6
depose,6
attempted,6
round,5
approached,5
celebrated,5
sur,5
Francis,5
follower,5
army,5
dissatisfied,5
Clement,5
patronage,5
effort,5
room,5
council,5
begged,5
independence,5
attended,5
crowned,5
thrown,5
Lieutenant,5
circulated,5
decided,5
marriage,5
ensued,5
hostility,5
legacy,5
injustice,5
concentrated,5
revoked,5
village,5
faced,5
assert,5
suspected,5
commanded,5
Admiral,5
mob,5
crowd,5
escape,5
knife,5
lacked,5
alliance,5
doctrine,5
Sixteen,5
agreeing,5
Refusing,5
included,5
seemed,4
passage,4
Blackwell,4
continued,4
banished,4
Duchess,4
force,4
represented,4
Lyon,4
family,4
VIII,4
Cathedral,4
guarantee,4
invasion,4
succeeded,4
embassy,4
including,4
destroyed,4
seeking,4
prompted,4
event,4
defend,4
historian,4
garrison,4
remained,4
occupied,4
begin,4
show,4
supported,4
accession,4
York,4
edict,4
criticized,4
celebrate,4
disaster,4
Grand,4
July,4
tolerance,4
residence,4
adjoining,4
been,4
territory,4
worked,4
conflict,4
Hampton,4
relied,4
execution,4
Decrees,4
Documents,4
refused,4
Catherine,4
volume,4
converted,4
called,4
ordered,4
promised,4
shooting,4
offensive,4
lend,4
rule,4
managed,3
Saint,3
sent,3
horror,3
rise,3
leads,3
Presence,3
joined,3
invaded,3
gathered,3
believed,3
English,3
followed,3
brought,3
excommunicated,3
occurred,3
town,3
following,3
prompt,3
preserving,3
escaped,3
allowed,3
wished,3
minority,3
window,3
Potter,3
series,3
Museum,3
tried,3
belief,3
estimate,3
allied,3
story,3
passed,3
hundred,3
believe,3
determined,3
Amidst,3
Main,3
dozen,3
Seine,3
Important,3
take,3
Gregory,3
affair,3
Union,3
Theodore,3
French,3
enemy,3
Central,3
Were,3
come,3
received,3
supply,3
acted,3
proceeded,3
publishing,3
absence,3
figure,3
Princess,3
Culture,3
aid,3
Factors,3
arrived,3
task,3
death,3
loan,3
imprisoned,3
Augustus,3
February,3
Mary,3
nobleman,3
Monsieur,3
faction,3
gained,3
conducting,3
carried,3
duke,3
raised,3
Jean,3
field,3
Great,3
chance,3
resolution,3
limited,2
discontent,2
month,2
baron,2
returned,2
advantage,2
putting,2
Henry,2
leader,2
concluded,2
ten,2
sign,2
stood,2
constitution,2
body,2
degree,2
Continental,2
petitioned,2
Three,2
August,2
June,2
anathema,2
opposed,2
strike,2
injury,2
October,2
heir,2
Flanders,2
broke,2
appointed,2
Pope,2
estate,2
organized,2
sought,2
woman,2
Spanish,2
varied,2
ordinance,2
spot,2
Dared,2
response,2
attempt,2
order,2
ended,2
committed,2
worship,2
accepted,2
return,2
provision,2
trap,2
accompanied,2
meal,2
line,2
witness,2
Wars,2
laid,2
List,2
wanted,2
definition,2
Cambridge,2
turn,2
place,2
waited,2
blood,2
hearing,2
drove,2
city,2
caught,2
anyone,2
took,2
rival,2
visited,2
turned,2
forced,2
Christian,2
self,2
provoked,2
concern,2
paid,2
tract,2
Jacques,2
Cloud,2
discuss,2
Eighth,2
held,2
suggested,2
morning,2
activity,2
swept,2
France,2
close,2
feared,2
century,2
state,2
protected,2
sprang,2
renewed,2
opposition,2
cousin,2
monk,2
became,2
appeared,2
defiance,2
maintained,2
labor,2
suppressing,2
Salmon,2
throne,2
meeting,2
life,2
formed,2
minister,2
doth,2
play,2
country,2
Governing,2
week,2
used,2
Third,2
Prophet,2
person,2
left,2
ambassador,2
Dutch,2
kill,2
Surprise,2
regarded,2
fled,2
spread,2
government,2
situation,2
Tour,2
press,2
England,2
disorder,2
spring,2
authority,2
born,2
Frenchman,2
victory,2
power,2
broken,2
described,2
permitted,2
First,2
freedom,2
side,2
act,2
burning,2
visit,2
guard,2
right,2
support,2
approved,2
house,2
heresy,2
north,2
form,2
becoming,2
failure,2
Britain,2
heiress,2
conclusion,2
felt,2
prepared,2
helping,2
April,2
Estates,2
Second,2
time,2
having,2
others,2
aided,1
demand,1
content,1
concerned,1
father,1
Paris,1
charge,1
caused,1
agreed,1
Revolt,1
affect,1
Research,1
cause,1
May,1
burned,1
provided,1
Paul,1
street,1
summer,1
Orange,1
fear,1
established,1
defence,1
assistance,1
told,1
supporting,1
Tuscany,1
chose,1
David,1
appears,1
convert,1
daughter,1
murdered,1
justice,1
Religious,1
punishment,1
divide,1
claim,1
win,1
aimed,1
lodging,1
armed,1
Europe,1
working,1
vote,1
Matters,1
started,1
reign,1
suite,1
known,1
keeping,1
heard,1
pursue,1
work,1
December,1
example,1
control,1
heart,1
division,1
accept,1
information,1
court,1
secured,1
returning,1
Fall,1
oppose,1
revolted,1
Lower,1
Roman,1
date,1
law,1
proclaimed,1
winter,1
Hoping,1
Civil,1
chief,1
Sixth,1
office,1
developed,1
constituted,1
March,1
according,1
policy,1
Spain,1
practice,1
rebel,1
course,1
front,1
son,1
bank,1
term,1
name,1
III,1
went,1
mean,1
idea,1
brother,1
begun,1
try,1
Elizabeth,1
surrounded,1
arrested,1
assured,1
siege,1
University,1
possibility,1
difficulty,1
disputes,1
complicated,1
remainder,1
seventy,1
retained,1
created,1
September,1
success,1
threat,1
Hungary,1
number,1
XIII,1
carry,1
quality,1
publication,1
service,1
attack,1
recovered,1
heretic,1
part,1
Guise,1
History,1
king,1
kind,1
grew,1
warfare,1
edition,1
matter,1
coronation,1
prospect,1
Albert,1
Germany,1
January,1
province,1
added,1
led,1
combat,1
though,1
mother,1
reach,1
hired,1
give,1
considered,1
camp,1
cover,1
consisted,1
assisted,1
shot,1
lay,1
nominated,1
ending,1
relation,1
ground,1
title,1
failed,1
pursuing,1
de,1
XIV,1
married,1
priest,1
release,1
river,1
wrote,1
declared,1
elected,1
see,1
result,1
John,1
crown,1
said,1
predecessor,1
nature,1
drawn,1
Age,1
fight,1
monarchy,1
subject,1
killing,1
day,1
incident,1
debt,1
providing,1
reported,1
region,1
expense,1
duty,1
regent,1
Papal,1
proved,1
aiming,1
basis,1
Fifth,1
create,1
Early,1
privilege,1
lived,1
league,1
moved,1
thousand,1
child,1
granted,1
Memoirs,1
leave,1
employ,1
taking,1
group,1
Italy,1
resident,1
defeated,1
confirmed,1
saw,1
began,1
member,1
Oxford,1
noble,1
published,1
hand,1
devolved,1
destruction,1
cheek,1
fighting,1
States,1
peace,1
being,1
money,1
named,1
rest,1
reformation,1
Fourth,1
prince,1
succeeding,1
blow,1
campaign,1
point,1
recognizing,1
wall,1
prelate,1
Philip,1
kingdom,1
capitulation,1
submission,1
nobility,1
exploit,1
chamber,1
audience,1
London,1
anti,1
security,1
making,1
people,1
church,1
moving,1
towards,1
sight,1
New,1
renounce,1
avoid,1
Seventh,1
religion,1
knew,1
agreement,1
Reports,1
become,1
article,1
stay,1
pike,1
Revolution,1
face,1
urged,1
suspended,1
fell,1
stand,1
commit,1
introduced,1
Ecclesiastical,1
image,1
Calais,1
deal,1
assumed,1
submit,1
fought,1
war,1
head,1
appointing,1
offer,1
hoped,1
gain,1
surrender,1
made,1
signed,1
ruling,1
Sir,1
request,1
year,1
influence,1
evidence,1
prayer,1
politics,1
weakened,1
variety,1
end,1
make,1
test,1
Marie,1
died,1
source,1
regency,1
lead,1
wife,1
home,1
came,1
Scots,1
fact,1
Empire,1
