messe,10
Roche,10
aristocrat,10
seized,10
stabbed,10
Continental,10
Laye,10
men,10
Baird,10
affiliated,10
step,10
Methuen,10
lending,10
mobilisation,10
thrown,10
guardsman,10
Palgrave,10
capturing,10
faced,10
figure,10
Scribner,10
Jacqueline,10
succeeded,10
Denis,10
truce,10
enraged,10
Selected,10
wielded,10
discuss,10
Online,10
gallows,10
classified,10
begged,10
Realising,10
repress,10
disintegrated,10
advisor,10
Gaspard,10
waited,10
designed,10
Lieutenant,10
escort,10
Boucher,10
financing,10
marriage,10
ISBN,10
disorganised,10
instance,10
wounded,10
Institutes,10
dragged,10
Medici,10
Noyon,10
heretic,10
worried,10
priest,10
release,10
instituted,10
vaut,10
burned,10
Were,10
leads,10
mark,10
Michel,10
intimidate,10
engaged,10
statue,10
money,10
Protestants,10
Philippe,10
death,10
campaign,10
lured,10
Pearson,10
survival,10
mob,10
execution,10
excerpt,10
escape,10
renounce,10
lend,10
Protestant,10
refused,10
murdered,10
Elboeuf,10
alliance,10
Hambledon,10
loi,10
legislation,10
Valois,10
Alais,10
heresy,10
Joinville,10
volume,10
ordered,10
Louise,10
castrated,10
stake,10
Refusing,10
deathbed,10
persecution,10
Passions,9
sent,9
preserving,9
uprising,9
group,9
remained,9
massacred,9
Luxembourg,9
instituting,9
assassin,9
Fran√ßois,9
Dreux,8
shattered,8
battle,8
celebrated,8
brought,8
topic,8
Casimir,8
attended,8
ensued,8
Brittany,8
suggested,8
developing,8
situation,8
Poitiers,8
leadership,8
converted,8
prepared,8
Reigns,7
Calvin,7
led,7
family,7
visit,7
Virtual,7
spot,7
Tridentine,7
Catholics,7
destroyed,7
witness,7
Loire,7
mutilated,7
Main,7
Bartholomew,7
massacre,7
Salic,7
pattern,7
became,7
proceeded,7
Factors,7
broke,7
conflicting,7
marrying,7
prelate,7
Poitou,7
Germain,6
Saint,6
revoking,6
invaded,6
Age,6
room,6
guarantee,6
blood,6
Catholic,6
emigrated,6
series,6
Holt,6
laid,6
patronage,6
Longman,6
Sutherland,6
affair,6
countered,6
disaster,6
Central,6
governor,6
Admiral,6
capture,6
Eighth,6
Mary,6
carried,6
militia,6
burning,6
Walsingham,6
promised,6
organised,6
revocation,6
Boulogne,6
time,6
returned,5
continued,5
rebelling,5
delegate,5
concluded,5
approached,5
resurgence,5
body,5
proclaiming,5
quell,5
followed,5
Parisian,5
Pope,5
clergy,5
following,5
ended,5
committed,5
inflicted,5
Marguerite,5
arrested,5
victory,5
Eugenia,5
belief,5
possibility,5
turn,5
invitation,5
city,5
took,5
visited,5
Amidst,5
sincerity,5
close,5
forced,5
France,5
edition,5
protected,5
received,5
others,5
Papal,5
create,5
been,5
concentrated,5
life,5
reiteration,5
counterweight,5
confirmed,5
Sixth,5
person,5
relied,5
impoverished,5
crowd,5
nobleman,5
conducting,5
urged,5
raised,5
involvement,5
head,5
grudging,5
role,5
pseudonym,5
Sully,5
Stanford,5
resolution,5
having,5
Republic,4
settlement,4
horror,4
Presence,4
brother,4
Orange,4
sur,4
aid,4
appears,4
Dominique,4
Clara,4
looted,4
Henrys,4
Three,4
crisis,4
coupled,4
reign,4
appointed,4
heart,4
influenced,4
Dared,4
invasion,4
response,4
negotiated,4
window,4
Dominican,4
joined,4
difficulty,4
retainer,4
excommunication,4
passed,4
determined,4
insulted,4
outcome,4
Christian,4
Viewing,4
approved,4
Bourbons,4
coincided,4
fact,4
supported,4
nominated,4
Research,4
fear,4
impact,4
implementation,4
edict,4
Luther,4
declared,4
defense,4
injustice,4
Isabella,4
annulling,4
country,4
village,4
lived,4
fund,4
Barbara,4
defeated,4
repudiated,4
day,4
Coligny,4
Prophet,4
negotiate,4
arrived,4
left,4
ambassador,4
being,4
captured,4
fled,4
Fontainebleau,4
Tour,4
descendant,4
imprisoned,4
Savoy,4
trap,4
described,4
permitted,4
gained,4
guard,4
doctrine,4
worshipper,4
support,4
January,4
trying,4
rejection,4
heiress,4
offensive,4
Charles,4
roi,3
resistance,3
Huguenot,3
father,3
citing,3
teaching,3
division,3
Henri,3
putting,3
banished,3
leave,3
century,3
ten,3
preacher,3
Anne,3
assistance,3
degree,3
represented,3
named,3
opposed,3
Blois,3
dissatisfied,3
occurred,3
accept,3
effort,3
escaped,3
keeping,3
give,3
allowed,3
wished,3
end,3
oppose,3
III,3
Roman,3
date,3
atrocity,3
order,3
existence,3
Basle,3
solving,3
councillor,3
return,3
enemy,3
front,3
disregard,3
went,3
cause,3
siege,3
complicated,3
wanted,3
seventy,3
place,3
submit,3
drove,3
publication,3
service,3
hundred,3
circulated,3
believe,3
Macmillan,3
turned,3
Fontaine,3
Albert,3
attempted,3
towards,3
established,3
knew,3
show,3
lay,3
Valence,3
pursuing,3
Nantes,3
Louis,3
activity,3
river,3
encouraged,3
said,3
bien,3
drawn,3
opposition,3
March,3
taking,3
Tours,3
wall,3
maintained,3
suppressing,3
throne,3
spread,3
Princess,3
attacked,3
assert,3
minister,3
daughter,3
Memoirs,3
information,3
resident,3
commanded,3
began,3
destruction,3
Surprise,3
Bourbon,3
kingdom,3
become,3
disorder,3
people,3
Genevan,3
Great,3
Monsieur,3
assisted,3
broken,3
article,3
fell,3
act,3
commit,3
Documents,3
Jean,3
called,3
agreeing,3
February,3
issued,2
month,2
suspected,2
managed,2
seemed,2
baron,2
Union,2
constituted,2
caused,2
agreed,2
woman,2
Revolt,2
Inexperienced,2
assured,2
Francis,2
chose,2
youngest,2
David,2
convert,2
Spanish,2
Religious,2
divide,2
aimed,2
armed,2
sermon,2
excommunicated,2
Clement,2
Flanders,2
suite,2
Guy,2
town,2
work,2
debated,2
organized,2
heard,2
council,2
sought,2
Parliament,2
ordinance,2
tried,2
coup,2
attempt,2
Civil,2
chief,2
embassy,2
recognised,2
sprang,2
ensue,2
elected,2
meal,2
liberating,2
year,2
morning,2
toleration,2
independence,2
rebuilding,2
University,2
disputes,2
crowned,2
created,2
Hungary,2
hearing,2
quality,2
story,2
leading,2
caught,2
name,2
fois,2
Sixteen,2
massacring,2
surrounding,2
steer,2
self,2
Seine,2
Important,2
Germany,2
livres,2
concern,2
court,2
combat,2
Reports,2
invoked,2
face,2
shot,2
Paris,2
accession,2
line,2
make,2
Navarre,2
troop,2
though,2
including,2
swept,2
see,2
John,2
crown,2
predecessor,2
Lectures,2
renewed,2
come,2
consisted,2
revoked,2
monk,2
league,2
duty,2
anti,2
proved,2
withdrawn,2
publishing,2
Fifth,2
absence,2
Early,2
interest,2
territory,2
killed,2
controlled,2
demand,2
doth,2
inhabitant,2
Amiens,2
residence,2
launched,2
exile,2
Governing,2
member,2
absolved,2
Antoine,2
devolved,2
deal,2
fighting,2
stating,2
Dutch,2
capitulation,2
Lyon,2
rest,2
reformation,2
kill,2
mother,2
queen,2
regent,2
recognizing,2
appeared,2
Calvinist,2
concession,2
Sorbonne,2
justice,2
submission,2
Duchess,2
Lorraine,2
chamber,2
London,2
Rouen,2
conclusion,2
authority,2
born,2
added,2
Dame,2
avoid,2
Havre,2
religion,2
leader,2
felt,2
First,2
adjoining,2
Catherine,2
lacked,2
duke,2
son,2
defiance,2
prompted,2
legacy,2
class,2
valley,2
Potter,2
appointing,2
form,2
heal,2
hoped,2
made,2
request,2
Committee,2
helping,2
died,2
jewel,2
rule,2
Cloud,2
aided,1
surrounded,1
Lindsay,1
limited,1
believed,1
child,1
Emmanuel,1
concerned,1
passage,1
advantage,1
rise,1
Henry,1
affect,1
ending,1
issue,1
Beaumont,1
Frenchman,1
May,1
Blackwell,1
provided,1
Paul,1
round,1
Angers,1
Calais,1
street,1
summer,1
defence,1
stood,1
church,1
Culture,1
supporter,1
Rhine,1
capital,1
exercise,1
told,1
supporting,1
reported,1
debate,1
action,1
petitioned,1
punishment,1
claim,1
ground,1
win,1
sign,1
follower,1
Cardinal,1
lodging,1
Europe,1
estate,1
working,1
army,1
charge,1
insult,1
Matters,1
mediate,1
injury,1
Tuscany,1
started,1
feared,1
known,1
Toulouse,1
Sixteenth,1
pursue,1
printing,1
VIII,1
freedom,1
Cathedral,1
example,1
control,1
prompt,1
exploit,1
varied,1
secured,1
returning,1
Jacques,1
allied,1
Fall,1
revolted,1
defeat,1
tension,1
de,1
reaction,1
law,1
proclaimed,1
winter,1
introduced,1
Hoping,1
Ottoman,1
Notre,1
office,1
hierarchy,1
developed,1
conflict,1
Seventh,1
according,1
celebrate,1
policy,1
Spain,1
practice,1
cover,1
Normandy,1
Theodore,1
provision,1
bank,1
coronation,1
establishment,1
identified,1
XIII,1
accompanied,1
English,1
Perspective,1
concord,1
Museum,1
idea,1
society,1
garrison,1
begun,1
dawn,1
event,1
minority,1
August,1
defend,1
Wars,1
content,1
Renaissance,1
Formation,1
List,1
rebel,1
estimate,1
remainder,1
definition,1
Cambridge,1
retained,1
September,1
impose,1
success,1
threat,1
Thompson,1
historian,1
number,1
Picardy,1
suspended,1
vote,1
force,1
uniting,1
engagement,1
galley,1
negotiation,1
anyone,1
attack,1
fought,1
compromise,1
majority,1
recovered,1
part,1
Guise,1
population,1
king,1
warfare,1
rival,1
matter,1
prospect,1
cheek,1
thwarted,1
faction,1
cousin,1
saw,1
dozen,1
conversion,1
Fourth,1
forces,1
provoked,1
succeeding,1
province,1
begin,1
Anjou,1
reach,1
tract,1
constitution,1
reinforcement,1
considered,1
camp,1
Marie,1
carry,1
relation,1
title,1
struggle,1
layman,1
state,1
French,1
failed,1
York,1
outrage,1
History,1
Based,1
hostility,1
criticized,1
grew,1
XIV,1
wedding,1
July,1
hired,1
course,1
married,1
wrote,1
reinforced,1
decided,1
result,1
Grand,1
reform,1
nature,1
becoming,1
kind,1
worship,1
mud,1
tolerance,1
gathered,1
privilege,1
blow,1
spring,1
subject,1
killing,1
incident,1
debt,1
Calvinism,1
providing,1
expense,1
regarded,1
assassination,1
point,1
loan,1
restoration,1
Riots,1
labor,1
aiming,1
source,1
acceptance,1
Salmon,1
mean,1
meeting,1
held,1
Prussia,1
thousand,1
formed,1
wake,1
worked,1
granted,1
play,1
General,1
employ,1
region,1
supply,1
kinswoman,1
Italy,1
commander,1
amnesty,1
seeking,1
unity,1
shooting,1
Oxford,1
week,1
used,1
Third,1
published,1
hand,1
marched,1
anathema,1
Robert,1
toll,1
rift,1
Hampton,1
task,1
weakened,1
try,1
States,1
command,1
moving,1
peace,1
noble,1
vacuum,1
using,1
expelled,1
prince,1
royal,1
citizen,1
Philip,1
take,1
discontent,1
government,1
December,1
prayer,1
press,1
degenerated,1
England,1
Augustus,1
audience,1
Decrees,1
security,1
making,1
sight,1
New,1
embodied,1
accepted,1
knife,1
Lutherans,1
power,1
agreement,1
paid,1
occupied,1
Davis,1
stay,1
strike,1
pike,1
Revolution,1
surrender,1
laity,1
side,1
stand,1
Ecclesiastical,1
depose,1
June,1
image,1
included,1
ruleth,1
endeavouring,1
Arthur,1
assumed,1
house,1
November,1
war,1
forbade,1
north,1
offer,1
duchy,1
failure,1
Switzerland,1
Guide,1
sieur,1
signed,1
fight,1
Britain,1
ruling,1
Geneva,1
baptism,1
Sir,1
Modern,1
measure,1
influence,1
Cross,1
evidence,1
October,1
right,1
politics,1
treaty,1
curtailed,1
variety,1
field,1
test,1
nobility,1
William,1
Poland,1
April,1
chance,1
Estates,1
acted,1
Elizabeth,1
regency,1
lead,1
wife,1
home,1
came,1
moved,1
feud,1
Second,1
Scots,1
Empire,1
