Priamur,10
Bolshevism,10
Kornilov,10
Vladivostok,9
factory,8
Petrograd,8
elimination,8
conscription,8
Magaza,7
socialist,7
Semyonov,6
Russian,6
Tsar,6
machine,6
railway,6
Litovsk,5
Kerensky,5
Bolsheviks,5
apparatus,5
bureau,5
Railroad,5
Russia,5
armistice,5
Chita,5
tank,5
outcome,5
control,5
Czechoslovaks,5
reactionary,5
Follett,5
Workers,4
Novorossiysk,4
Mawdsley,4
rifleman,4
output,4
Operation,4
Dunsterville,4
morale,4
Steel,4
patrol,4
Kolchak,4
pogrom,4
Germans,4
group,3
northwestern,3
Denikins,3
militarization,3
District,3
Kronstadt,3
Wilhelm,3
Mirbach,3
repression,3
Ukraine,3
Tolstoy,3
Ilya,3
Americans,3
anarchist,3
organize,3
Glazov,3
worker,3
Kaledin,3
German,3
problem,3
regime,3
reshape,3
interned,3
organization,3
Elabuga,2
Kiev,2
demobilized,2
dollar,2
setback,2
Department,2
eliminated,2
crawl,2
food,2
material,2
Bolshevik,2
republican,2
realize,2
Krasnov,2
divisional,2
investigation,2
Murmansk,2
Central,2
struggle,2
Makhno,2
Ostrovsky,2
plug,2
Baku,2
Russians,2
Stavropol,2
unit,2
strategy,2
Pyotr,2
effort,2
Denikin,2
outskirt,2
pushed,2
damaged,2
offensive,2
Germany,2
Optimistic,2
development,2
tension,2
Elusive,2
uprising,2
Czechs,2
Islam,2
Harper,1
front,1
member,1
Turkestan,1
Kuban,1
Sabotage,1
occupation,1
Stymied,1
Mikhail,1
Kursk,1
Lacking,1
located,1
Faustschlag,1
Yefim,1
production,1
York,1
policy,1
dominated,1
population,1
division,1
Kenez,1
devastated,1
acute,1
Sarapul,1
Antonov,1
Social,1
crumbling,1
Novocherkassk,1
Soviet,1
Nikolai,1
standstill,1
Kappel,1
tsarist,1
intervene,1
worried,1
Czech,1
stopped,1
Siberia,1
withdrawal,1
starvation,1
consolidate,1
Revolutionary,1
Ussuri,1
responded,1
Semenov,1
slowed,1
Yudenich,1
Provisional,1
estimated,1
agriculture,1
provided,1
scale,1
Vladimir,1
Irkutsk,1
Ataman,1
conservative,1
buffer,1
Omsk,1
evacuation,1
progress,1
movement,1
Dmitri,1
barrier,1
Epidemics,1
pushing,1
component,1
Political,1
Allied,1
formation,1
Polish,1
Trotsky,1
advance,1
column,1
industry,1
Staff,1
Caucasus,1
cadet,1
overextended,1
Amur,1
disarmament,1
Boldyrev,1
Grigory,1
autonomy,1
utilized,1
Pavel,1
balanced,1
associated,1
endeavor,1
Dnepr,1
Revolutionaries,1
Nikolayevich,1
working,1
area,1
Fadeyev,1
Chistopol,1
start,1
wing,1
solidify,1
California,1
combined,1
catalyst,1
basin,1
territory,1
organise,1
Ekaterinburg,1
Lincoln,1
educated,1
controlled,1
Transbaikalia,1
Vishnevsky,1
started,1
failure,1
Directorate,1
organises,1
Constituent,1
Reds,1
Lenin,1
Konstantin,1
hour,1
Commission,1
isolation,1
work,1
Winston,1
growth,1
launched,1
Movements,1
counter,1
nationalist,1
lacked,1
official,1
organized,1
Angered,1
fighting,1
Allies,1
result,1
united,1
Moscow,1
get,1
majority,1
flank,1
supply,1
grain,1
Odessa,1
flooded,1
center,1
Disease,1
Foreign,1
Malleson,1
Mensheviks,1
plan,1
student,1
Autonomous,1
concentrating,1
Baikal,1
evacuated,1
Simbirsk,1
Japanese,1
Sakhalin,1
Samara,1
Junker,1
China,1
week,1
push,1
Soviets,1
reserve,1
Cossack,1
decision,1
confederation,1
