demobilized,10
Semenov,10
group,10
Lacking,10
organisation,10
Ekaterinburg,10
volunteer,10
Litovsk,10
Bolshevik,10
Semyonov,10
Vladivostok,10
Dunsterville,10
divisional,10
Kronstadt,10
Kerensky,10
Mirbach,10
Priamur,10
apparatus,10
interned,10
factory,10
bureau,10
Grigori,10
Omsk,10
Petrograd,10
Russia,10
Ilya,10
Bolshevism,10
unit,10
Andreyev,10
Russian,10
Tsar,10
rifle,10
elimination,10
effort,10
Kaledin,10
German,10
Kornilov,10
patrol,10
Kolchak,10
machine,10
Germany,10
conscription,10
pogrom,10
Germans,10
reorganization,10
Follett,10
armistice,9
worker,9
eliminated,9
Czechoslovaks,9
offensive,9
employee,8
level,8
Sakhalin,8
rifleman,7
Buguruslan,7
consolidate,7
plug,7
cadet,7
Steel,7
Denikin,7
problem,7
example,7
organized,7
equipment,7
Disease,7
Workers,6
Krasnov,6
Bolsheviks,6
Pyotr,6
Latvia,6
organise,6
acute,5
starvation,5
control,5
scar,5
organization,5
increased,4
devastated,4
Denikins,4
Operation,4
Slipshod,4
industry,4
basis,4
Lincoln,4
Transbaikalia,4
Movements,4
secured,4
Kharkov,4
portion,4
Chita,3
typhus,3
material,3
realize,3
condition,3
Nikolai,3
Ussuri,3
struggle,3
Makhno,3
deported,3
organize,3
Russians,3
supply,3
morale,3
California,3
failure,3
tsarist,3
week,3
Elusive,3
Saratov,3
Cossack,3
Kiev,2
located,2
crawl,2
Mawdsley,2
Wrangel,2
withdrawal,2
Department,2
Yudenich,2
Railroad,2
Ukraine,2
formation,2
defensive,2
outskirt,2
railway,2
utilized,2
Pavel,2
counterattack,2
evacuated,2
Maysky,2
Allied,2
Estonia,2
counterattacked,2
result,2
reactionary,2
Lines,2
Corps,2
setback,1
Turkestan,1
amp,1
production,1
dominated,1
split,1
designated,1
Cheka,1
front,1
Volunteers,1
Kappel,1
stopped,1
Rear,1
output,1
socialist,1
hour,1
District,1
northwestern,1
slowed,1
Wilhelm,1
Provisional,1
estimated,1
organizing,1
Vladimir,1
sympathizer,1
Ataman,1
repression,1
peasant,1
Trotsky,1
epic,1
Boris,1
Murmansk,1
Cossacks,1
agreement,1
advance,1
Baku,1
Americans,1
Optimistic,1
Caucasus,1
Amur,1
signing,1
Grigory,1
endeavor,1
York,1
decline,1
Nikolayevich,1
working,1
Peasants,1
anarchist,1
anyone,1
Allies,1
investigation,1
theater,1
Lenin,1
aspiration,1
Poti,1
Siberia,1
damaged,1
amount,1
flank,1
get,1
Punitive,1
tension,1
apologised,1
Nations,1
capitalize,1
center,1
fighting,1
Samara,1
Junker,1
maneuver,1
