bomber,10
modernization,10
depression,10
Manchukuo,10
Stalin,10
implement,10
Zhukov,10
German,10
Nomonhan,10
Hitler,10
Yalta,10
Terauchi,10
militarist,10
fascism,10
militarism,10
encompassing,10
group,10
Bolshevik,10
shortage,10
Bataan,10
factory,10
Germany,10
FÃ¼rst,10
Adolf,10
Renegotiation,10
totalitarianism,10
Konoe,10
Corregidor,10
Higashifushimi,10
Fascist,10
Nazism,10
availability,10
annexation,10
Wakatsuki,10
Hideki,10
Iwo,10
Fumimaro,10
Pearl,10
Fukuzawa,10
submarine,10
Expeditionary,10
armistice,10
Hiroshima,10
pact,10
Heihachiro,10
Tojo,10
Yonai,10
Mineichi,10
Kolchak,10
satellite,10
Manchukuoan,10
Nazi,10
airfield,10
Kodama,10
shek,10
Guadalcanal,10
continuing,10
Konoye,10
Jima,10
Hirohito,10
Yokusankai,10
Leyte,10
Neutrality,10
Hiranuma,10
offensive,10
Railway,10
Bacteriological,10
Kanai,10
level,9
industrialization,9
colonialism,9
Conditions,9
outlined,9
Representatives,9
Amur,9
Edo,9
mid,9
Klemen,9
ensure,9
Tsingtao,8
effort,8
ultranationalists,8
response,8
installed,8
commence,8
Potsdam,8
Kyoto,8
collaboration,8
Research,8
cooperation,8
Osami,8
Filipino,8
problem,8
democracy,7
guerrilla,7
impact,7
Boxer,7
aspect,7
increased,7
manufacturing,7
Masatake,6
lack,6
manufactured,6
Manchu,6
Philippines,6
control,6
Yasuhiko,6
Asaka,6
framework,6
Kotohito,6
Hawaii,6
Puyi,6
Keene,6
Keisuke,6
scrap,6
Boshin,6
Peking,6
Shinto,6
Chichibu,6
Panay,6
morale,5
vis,5
total,5
Russian,5
slogan,5
Pacific,5
bakufu,5
repatriated,5
stabilize,5
system,5
Replacement,5
Russo,5
reserve,5
securing,5
Shintoist,5
Komei,5
ignored,5
figurehead,5
supply,5
Kuniaki,5
treatment,5
input,5
Urach,5
Seoul,5
experimentation,5
defensive,5
communication,5
Vladivostok,5
Nagano,5
Satow,5
propaganda,5
Asian,5
Namamugi,4
legalized,4
Janet,4
domination,4
battlefront,4
dropped,4
setback,4
Whitney,4
Volunteer,4
signing,4
Mongolia,4
Ching,4
Association,4
mining,4
Sakoku,4
factor,4
Yorihito,4
Sakhalin,4
merging,4
Diplomat,4
Johore,4
looting,4
formalized,4
demand,4
Mitsui,4
administration,4
Coral,4
Provisional,4
gunboat,4
Manchuria,4
envisioned,4
International,4
Togo,4
industrialized,4
Tsarist,4
rubber,4
Corps,4
Ambon,3
estimated,3
abreast,3
protectorate,3
Fukoku,3
bureaucracy,3
Shimonoseki,3
tribunal,3
installing,3
embodiment,3
data,3
advocated,3
Japanese,3
counseled,3
responsibility,3
capitalist,3
Kwai,3
signatory,3
farmer,3
policy,3
civilian,3
stock,3
Communists,3
Satsuma,3
navy,3
sentiment,3
dominated,3
Theater,3
advance,3
threat,3
Demands,3
warfare,3
smallpox,3
Stavka,3
expansionism,3
Nationalists,3
Siberia,3
bomb,3
costing,3
banned,3
Fighting,3
tended,3
Mitsubishi,3
Hakodate,3
Curtain,3
endeavor,3
shogun,3
Allies,3
Nations,3
spearheaded,3
tank,3
expanded,3
voice,3
partner,3
Manuel,3
yen,3
Guam,3
Aleksandr,3
battlefield,3
Albrecht,3
provided,3
scale,3
Umezu,3
leader,3
shipping,3
carrier,3
decimated,3
germ,3
complete,3
landing,3
line,3
bombarding,3
nationalism,3
casualty,3
Meetinghouse,3
personnel,3
Yoshika,3
immunity,3
structure,3
rallied,3
concept,2
resistance,2
Columbia,2
zone,2
concerned,2
diplomacy,2
sustain,2
League,2
decide,2
modernised,2
samurai,2
bypassed,2
Fushimi,2
Shimamura,2
cost,2
bombardment,2
investment,2
Nambu,2
apparatus,2
witnessed,2
increasing,2
boost,2
movement,2
Koreans,2
Kanji,2
Taisei,2
spite,2
involved,2
leadership,2
resulting,2
action,2
Canal,2
campaign,2
combat,2
Malaya,2
Armies,2
Revolution,2
Chiang,2
blocking,2
Eiji,2
Borneo,2
process,2
sphere,2
Australian,2
discussion,2
sword,2
establishment,2
dominance,2
economy,2
product,2
Sadao,2
Yalu,2
uprising,2
Foreign,2
invasion,2
crowded,2
Takahito,2
atrocity,2
wing,2
mission,2
stability,2
Inner,2
Forces,2
bombing,2
Cabinet,2
production,2
finance,2
practice,2
nation,2
equality,2
Symbolic,2
energy,2
Caroline,2
agriculture,2
develop,2
exporting,2
surprise,2
strategist,2
Kodo,2
humiliating,2
USSR,2
Iwakura,2
facilitate,2
needed,2
attack,2
reparation,2
Roosevelt,2
defense,2
providing,2
booklet,2
palace,2
potential,2
Uehara,2
Oahu,2
Yukichi,2
Mitsumasa,2
metal,2
looked,2
ensued,2
sector,2
Union,2
planning,2
occupation,2
based,2
Theodore,2
outpost,2
liberation,2
communist,2
Netherlands,2
capital,2
Shelling,2
made,2
Soviet,2
Midway,2
pistol,2
Inoue,2
suffrage,2
Mediterranean,2
troop,2
Mutsuhito,2
Yamamoto,2
liner,2
constructing,2
shogunate,2
breakaway,2
ability,2
cousin,2
nomenclature,2
planned,2
comment,2
Takamori,2
initiative,2
Malay,2
firm,2
finished,2
minister,2
Marines,2
Marshall,2
Mongolian,2
Ogasawara,2
launched,2
Italy,2
soil,2
von,2
Shanghai,2
Nagumo,2
textile,2
Suez,2
development,2
oil,2
Starvation,2
expand,2
task,2
center,2
States,2
coordinate,2
etiquette,2
Jansen,2
Headquarters,2
increases,2
world,2
prominent,2
clan,2
anti,2
Indochina,2
Nippon,2
employment,2
agreement,2
Polish,2
census,2
demarcation,2
withdrew,2
plan,2
outset,2
Aritomo,2
existed,2
area,2
Hayashi,2
occupy,2
war,2
immigration,2
removed,2
rejection,2
Kagoshima,2
neutralized,2
accounting,2
regime,2
compared,2
included,2
Koga,1
imperial,1
founder,1
consolidated,1
felt,1
month,1
founded,1
London,1
Sumatra,1
Richardson,1
battle,1
Southeast,1
Dai,1
passage,1
program,1
Western,1
unit,1
retreat,1
Nanking,1
sent,1
placed,1
sinking,1
intention,1
supported,1
seized,1
returned,1
rise,1
division,1
cavalry,1
emphasized,1
minute,1
Georgy,1
issue,1
daimyo,1
Toba,1
announced,1
indemnity,1
enforce,1
Khasan,1
coalition,1
jump,1
surrounding,1
thinker,1
Korea,1
sum,1
edifice,1
recoup,1
liberated,1
kum,1
crossed,1
forming,1
public,1
niche,1
led,1
men,1
Sugiyama,1
protection,1
aid,1
Ernest,1
dwindling,1
Marshal,1
change,1
Kuril,1
property,1
Convention,1
Chinese,1
leaves,1
revolved,1
defeat,1
military,1
visit,1
Cold,1
writer,1
home,1
geography,1
win,1
enactment,1
offset,1
sanction,1
Wales,1
York,1
market,1
Europe,1
undergone,1
Australia,1
troops,1
army,1
sake,1
resigns,1
subsidized,1
Mitsue,1
material,1
Ijuin,1
start,1
Priamurye,1
becomes,1
Mandate,1
reign,1
Americas,1
emigration,1
loss,1
midst,1
Arisugawa,1
currency,1
work,1
freedom,1
following,1
industry,1
history,1
Prime,1
dedicated,1
artillery,1
tax,1
information,1
goal,1
Kan,1
hampered,1
Americans,1
Peers,1
tension,1
coming,1
peace,1
lay,1
Marianas,1
status,1
borrowing,1
capitalism,1
Viscount,1
restriction,1
Wilson,1
Madoka,1
developed,1
using,1
Nikolayevsk,1
rendered,1
including,1
radiation,1
member,1
negotiated,1
amounted,1
American,1
Emergence,1
Manchus,1
Dower,1
rescind,1
name,1
materialized,1
Karafuto,1
Yellow,1
composition,1
Treaties,1
victory,1
Council,1
involvement,1
militarization,1
referred,1
Okada,1
gave,1
operation,1
message,1
living,1
opened,1
populace,1
armor,1
Ezo,1
emerged,1
independence,1
Theatre,1
creating,1
belief,1
siege,1
University,1
British,1
advisor,1
backed,1
ash,1
insisted,1
forwarded,1
interaction,1
district,1
language,1
September,1
route,1
used,1
counterpart,1
competed,1
zaibatsu,1
south,1
blood,1
secured,1
benefited,1
Mao,1
number,1
Asia,1
traveled,1
Indian,1
vote,1
invader,1
drove,1
causing,1
city,1
management,1
Transportation,1
Hamaguchi,1
Powers,1
flag,1
station,1
destruction,1
ranging,1
gives,1
Nagasaki,1
outwork,1
took,1
attempt,1
France,1
grew,1
decided,1
accordance,1
invaded,1
preparation,1
prospect,1
illness,1
remained,1
America,1
turned,1
Douglas,1
Secret,1
need,1
seen,1
element,1
occupied,1
linked,1
strength,1
MacArthur,1
Asians,1
self,1
foreigner,1
onset,1
majority,1
tactic,1
attempted,1
objective,1
Denis,1
coincide,1
concern,1
maintain,1
Baltic,1
buffer,1
paid,1
Chief,1
hostility,1
Twitchett,1
class,1
constitution,1
Malayan,1
face,1
Donald,1
China,1
built,1
responded,1
affair,1
Lennox,1
coup,1
armament,1
overwhelmed,1
radio,1
inviolability,1
Hayao,1
Hajime,1
Araki,1
communism,1
favor,1
Teikoku,1
state,1
going,1
Osachi,1
population,1
annex,1
wearing,1
Sukeyuki,1
Hiroyasu,1
trust,1
arranged,1
end,1
resource,1
Kong,1
banking,1
Tripartite,1
Civilization,1
activity,1
hinged,1
view,1
art,1
Africa,1
national,1
seat,1
pushed,1
result,1
fail,1
labour,1
subject,1
capacity,1
overruled,1
Park,1
case,1
Berlin,1
latitude,1
affecting,1
boundary,1
rejected,1
Tosa,1
arrival,1
Central,1
extend,1
nature,1
European,1
Squadron,1
emigrant,1
faced,1
Yui,1
garrison,1
met,1
crime,1
region,1
escape,1
asked,1
evict,1
pursuit,1
afterwards,1
Englishman,1
removal,1
period,1
learning,1
news,1
Malang,1
grazing,1
custody,1
conference,1
Sino,1
addition,1
convicted,1
combined,1
maintenance,1
entered,1
territory,1
retrospect,1
stationed,1
Tokyo,1
influence,1
thousand,1
formed,1
Tanaka,1
Allied,1
westernization,1
Jews,1
commerce,1
Isoroku,1
air,1
aim,1
Giichi,1
replaced,1
country,1
Hong,1
coupled,1
side,1
discrepancy,1
encountered,1
tampered,1
failed,1
government,1
corridor,1
Oxford,1
conflict,1
California,1
katana,1
sufficiency,1
effect,1
student,1
opportunity,1
recognized,1
Ishii,1
relied,1
position,1
Axis,1
United,1
proposed,1
obtain,1
Milne,1
accepted,1
family,1
Far,1
regarded,1
character,1
source,1
combine,1
homeland,1
Guinea,1
Meiji,1
Marine,1
Hunter,1
resolved,1
extraction,1
race,1
dignity,1
Iwao,1
condemnation,1
Kai,1
spanned,1
know,1
knot,1
vacuum,1
base,1
advanced,1
brought,1
success,1
authorized,1
superiority,1
officer,1
security,1
Java,1
use,1
staff,1
Mason,1
marker,1
service,1
export,1
election,1
duce,1
Saipan,1
Singapore,1
establish,1
decision,1
Kwantung,1
consultative,1
eagerness,1
join,1
boat,1
Yoshinobu,1
seclusion,1
Tokugawa,1
Commodore,1
expansion,1
leased,1
pressure,1
corp,1
inflicted,1
post,1
Russia,1
August,1
gained,1
island,1
Cepu,1
delimitation,1
characterized,1
Continuum,1
act,1
Japan,1
lacked,1
introduced,1
consolidate,1
burning,1
presence,1
encircling,1
son,1
Tsushima,1
doctrine,1
described,1
electorate,1
Korean,1
intervention,1
support,1
exposed,1
vision,1
custom,1
fought,1
Industrial,1
Yamagata,1
prostitute,1
equated,1
launching,1
Jehol,1
Burma,1
head,1
form,1
educate,1
January,1
becoming,1
failure,1
related,1
elimination,1
mineral,1
embargo,1
Anglo,1
islands,1
politics,1
Britain,1
growth,1
Quezon,1
demonstrate,1
modeled,1
detailed,1
Kanagawa,1
associated,1
nationalist,1
USA,1
enthronement,1
moved,1
Lake,1
exist,1
New,1
Dynasty,1
upheaval,1
revocation,1
Chun,1
attacked,1
Russians,1
field,1
motif,1
winning,1
branch,1
residence,1
pension,1
Great,1
Koiso,1
Naval,1
separate,1
become,1
Theory,1
Harbor,1
individual,1
controlled,1
required,1
rule,1
IJA,1
carrying,1
week,1
colonial,1
determination,1
president,1
Wang,1
starting,1
Moscow,1
caste,1
