Vichy,10
bomber,8
appeasement,5
Nazi,3
Hitler,3
bombed,2
defense,2
Nazis,2
guerrilla,2
fighter,2
Hemingway,2
businessmen,2
Diego,1
Franco,1
cruiser,1
Southampton,1
Blum,1
Nacional,1
morale,1
timing,1
radio,1
Castillo,1
navy,1
Valencia,1
Adolf,1
indicator,1
Parliament,1
Italians,1
Val,1
directive,1
friar,1
Soviet,1
percent,1
Munich,1
strategy,1
Moscow,1
casualty,1
program,1
bloc,1
film,1
Chile,1
evacuation,1
bombing,1
Commissariat,1
war,1
Germans,1
evacuated,1
Peers,1
Chilean,1
Ireland,1
raid,1
combat,1
civilian,1
Loyalists,1
King,1
tool,1
landing,1
neighbour,1
Stalin,1
aircraft,1
plane,1
Generalissimo,1
unionist,1
focusing,1
Loyalist,1
Navarre,1
Antony,1
Refugees,1
pilot,1
armored,1
Battalion,1
democracy,1
tank,1
Queen,1
welded,1
Poland,1
Whilst,1
flown,1
Yugoslavia,1
target,1
Catalonia,1
involvement,1
Warships,1
refugee,1
deported,1
