Sanjurjo,10
bombed,10
Falangists,10
bomber,10
internment,10
pilot,10
Commissariat,10
encircle,10
Brunete,10
dictatorship,10
fascist,10
Stalin,10
welded,10
coastline,10
morale,10
unit,10
nuevas,10
warship,10
Goded,10
Julián,10
Anarcho,10
Warships,10
Mussolini,10
Hitler,10
Condor,10
democracy,10
provide,10
Munich,10
fascism,10
plane,10
encompassing,10
repatriated,10
Jarama,10
Sotelo,10
Blum,10
bombing,10
appeasement,10
group,10
raid,10
civilian,10
unionist,10
Falange,10
Belchite,10
forthright,10
falangist,10
organised,10
operation,10
integrated,10
Depression,10
Adolf,10
Pétain,10
armored,10
Negrin,10
toughest,10
Allison,10
Niceto,10
radio,10
newsreel,10
industrialist,10
Fundació,10
Guernica,10
Maquis,10
achieved,10
POUM,10
Franquists,10
Luftwaffe,10
aircraft,10
contribution,10
Lerroux,10
tank,10
flown,10
Nazi,10
Casado,10
Casares,10
disillusioned,10
Bank,10
Moscow,10
Chilean,10
Loyalist,10
Vichy,10
Chile,10
reassurance,10
Teruel,10
Besteiro,10
Southworth,10
propaganda,10
Nazis,10
role,10
pockmarked,10
warplane,10
Pasarán,10
fighter,10
Yugoslavia,10
cruiser,9
example,9
Moscardo,9
Viejas,9
Germans,9
Caballero,9
achieve,9
Duffy,9
Franco,9
operated,9
Florida,9
Jaén,9
embargo,9
Workers,8
Queipo,8
André,8
Cordoba,8
teacher,8
Basque,8
scultpure,8
Albacete,8
Moroccan,8
consolidate,8
Española,8
Canadians,8
Alejandro,8
squad,8
conscription,8
planning,8
indicator,8
pacifist,8
figurehead,8
railway,8
posed,8
Section,8
militiaman,8
NKVD,8
Today,7
outdated,7
Lunn,7
countryside,7
guerrilla,7
sentiment,7
Basques,7
businessmen,7
Generalissimo,7
engineer,7
collapse,7
equipment,7
impact,7
español,7
reorganized,7
concentrate,7
distribution,7
deported,7
anti,7
air,7
biased,7
expansion,7
area,7
Reuters,7
Huesca,7
steamship,7
camisas,7
resistance,6
gun,6
American,6
effort,6
tension,6
invasion,6
deck,6
including,6
labor,6
crash,6
Cádiz,6
devastated,6
shipyard,6
galvanized,6
Catalan,6
surrealist,6
rolled,6
Refugees,6
Castillo,6
volunteer,6
breakdown,6
leftism,6
Americans,6
Berenguer,6
launching,6
maximum,6
problem,6
Benito,6
Columbia,5
Zamora,5
rightist,5
organized,5
united,5
endorsement,5
uprising,5
Intellectuals,5
secured,5
Forces,5
plaster,5
republican,5
instability,5
Henny,5
sympathizer,5
Posters,5
strategist,5
refugee,5
evacuated,5
Llano,5
concentration,5
States,5
veteran,5
Germany,5
communism,5
Washington,5
Rio,5
defense,5
spark,5
reaction,5
worker,5
socialist,5
split,5
Socialists,5
Marxists,5
Responsibilities,5
Beorlegui,5
homeland,5
increased,5
civilization,5
Eoin,5
Neruda,5
regime,5
diplomat,5
offensive,5
program,4
consolidation,4
blockade,4
Esteban,4
directive,4
Santiago,4
anarchist,4
total,4
Bilbao,4
Calvo,4
control,4
minimum,4
Habana,4
machine,4
Illinois,4
surrealism,4
farm,4
evacuation,4
reformist,4
activity,4
mainland,4
shipped,4
organize,4
Gascón,4
isolate,4
wing,4
Santander,4
Trabajadores,4
Ursula,4
Photography,4
Lillian,4
tribesman,4
Berlin,4
planner,4
basis,4
Gijón,4
cleaning,4
taxi,4
wage,4
nationalists,4
Salazar,4
amp,4
insurgent,4
Inspector,4
replacement,4
Montaña,4
centrist,4
medium,4
upheaval,4
peak,4
kilometre,3
zone,3
school,3
Hellman,3
chartered,3
prevent,3
revolution,3
neighborhood,3
Pamplona,3
trained,3
Canarias,3
Wayback,3
laicism,3
started,3
Dewoitine,3
akin,3
discussion,3
located,3
vary,3
Balearic,3
campaigned,3
niños,3
solution,3
navy,3
struggle,3
revolutionary,3
training,3
threat,3
restrict,3
Data,3
photograph,3
isolated,3
onset,3
objective,3
effectiveness,3
mobilizing,3
Shopkeepers,3
swamp,3
Gurs,3
Ethiopia,3
Weisbord,3
Anarchists,3
banned,3
Europe,3
timing,3
warfare,3
Caudillo,3
ignored,3
aroused,3
fused,3
Poland,3
spearheaded,3
expanded,3
spotlight,3
launched,3
administration,3
food,3
practitioner,3
Barcelona,3
fighting,3
Brigada,3
Hundreds,3
bloc,3
Internal,3
landowner,3
International,3
novelist,3
matching,3
leader,3
leadership,3
Russia,3
column,3
freedom,3
shipping,3
Communists,3
influencing,3
deepened,3
landing,3
failure,3
Britain,3
nationalist,3
structure,3
Hemingway,3
Generalísimo,3
concept,2
interference,2
Old,2
programme,2
Azaña,2
faded,2
capital,2
occupation,2
Photographs,2
based,2
shift,2
amount,2
Miguel,2
secure,2
campaign,2
Paracuellos,2
manoeuvre,2
carrying,2
Freemasons,2
process,2
recognized,2
aging,2
minority,2
British,2
parallel,2
Mexico,2
Mola,2
move,2
Potez,2
destroyed,2
policy,2
material,2
nation,2
cutting,2
front,2
Low,2
challenged,2
Mediterranean,2
Peru,2
racialist,2
Vera,2
Llopis,2
announced,2
Vernet,2
USSR,2
formation,2
waged,2
Peret,2
Congress,2
needed,2
system,2
Lincoln,2
tool,2
participated,2
Estado,2
Italians,2
depending,2
Aran,2
combat,2
involving,2
prestige,2
police,2
metal,2
leaflet,2
Political,2
Trabajo,2
staff,2
grabbed,2
going,2
factor,2
communist,2
ranking,2
hit,2
reconquest,2
stop,2
Confederación,2
Soviet,2
Fuente,2
Educational,2
culture,2
arm,2
Dámaso,2
Aznar,2
monarchist,2
handful,2
southeast,2
Segismundo,2
region,2
participating,2
expense,2
roughed,2
Syndicalism,2
union,2
Dolores,2
direction,2
educated,2
Center,2
graveyard,2
Nations,2
replaced,2
involved,2
Italy,2
Sugarman,2
conflict,2
leftist,2
cartridge,2
student,2
recapture,2
Julio,2
possessed,2
organization,2
coup,2
percent,2
Emilio,2
world,2
protecting,2
potential,2
government,2
background,2
occurring,2
Tragic,2
Archives,2
conservative,2
Oviedo,2
industry,2
Mauthausen,2
range,2
casualty,2
Sculptors,2
Asturias,2
Thousands,2
intervention,2
Unification,2
war,2
Valter,2
limpieza,2
line,2
limit,2
Radical,2
defined,2
Nacional,2
individual,2
Andreu,2
Arnold,2
included,2
Autonomous,2
latifundia,2
controlling,2
essay,1
managed,1
lack,1
seemed,1
increase,1
rousing,1
promote,1
removal,1
promoting,1
sent,1
southwest,1
CNT,1
tribunal,1
rise,1
Oliveira,1
unify,1
XYZ,1
Tragedy,1
try,1
independence,1
recall,1
population,1
direct,1
invaded,1
street,1
bombardment,1
abstention,1
surface,1
pass,1
cactus,1
army,1
constitution,1
Federico,1
liberated,1
Visual,1
Romanians,1
movement,1
Marty,1
Alcázar,1
men,1
change,1
calculate,1
box,1
Jews,1
study,1
defeat,1
military,1
Rivera,1
Archangel,1
cache,1
cost,1
Irishmen,1
working,1
hammered,1
calculation,1
heralded,1
Carrillo,1
investigation,1
gold,1
mounted,1
Segre,1
hour,1
brandishing,1
affiliated,1
claim,1
Northern,1
division,1
infantry,1
Account,1
pushed,1
Quinta,1
autonomy,1
end,1
varied,1
drying,1
Bolshevism,1
Imperial,1
hesitate,1
Foreign,1
Connolly,1
Sebastián,1
attempt,1
Carabineers,1
counter,1
chief,1
maintain,1
south,1
reinforced,1
Garibaldi,1
Canet,1
help,1
facilitated,1
aiding,1
embassy,1
undermined,1
Documentaries,1
Helen,1
shipbuilder,1
round,1
base,1
Burgos,1
name,1
neutrality,1
poet,1
arrested,1
featured,1
Léon,1
victory,1
Battalion,1
side,1
monolith,1
Poch,1
Museum,1
Guadalajara,1
tried,1
fountain,1
shipment,1
size,1
unifying,1
housed,1
Loyalists,1
University,1
Historical,1
director,1
Salamanca,1
September,1
Madrid,1
commented,1
target,1
consequence,1
whirlwind,1
fleeing,1
president,1
vote,1
art,1
Antony,1
sheet,1
top,1
Homage,1
Cucaracha,1
fought,1
statement,1
militancy,1
relieved,1
rifle,1
convinced,1
transferred,1
Andalusian,1
Catalonia,1
Antiwar,1
need,1
occupied,1
estimated,1
lynched,1
tactic,1
January,1
aired,1
paid,1
plan,1
attack,1
position,1
competing,1
supporting,1
premiered,1
voting,1
reserve,1
supported,1
Prime,1
Republicans,1
state,1
crime,1
Rehearsal,1
casted,1
Islands,1
increasing,1
undertone,1
troop,1
aftermath,1
fixed,1
Eyewitness,1
Jackson,1
Aragón,1
national,1
relative,1
result,1
practice,1
capacity,1
utopia,1
Solares,1
attention,1
Central,1
security,1
Zaragoza,1
reported,1
Southampton,1
film,1
expended,1
mercurio,1
supply,1
period,1
Baleares,1
news,1
associated,1
boat,1
mounting,1
create,1
Marshal,1
commission,1
California,1
catalyst,1
collected,1
entered,1
territory,1
Casas,1
threw,1
controlled,1
attacked,1
republicano,1
worked,1
Nationals,1
physician,1
conspirator,1
value,1
Winnipeg,1
aid,1
property,1
encountered,1
Libraries,1
Cerro,1
Ruiz,1
accomplished,1
constructed,1
used,1
mountain,1
driver,1
destruction,1
failing,1
Hilton,1
stored,1
insurrection,1
portrayed,1
Philippe,1
cut,1
rose,1
regarded,1
arresting,1
arrest,1
location,1
retrospect,1
providing,1
traffic,1
Heart,1
success,1
become,1
reduced,1
spring,1
village,1
cleric,1
organizing,1
provided,1
barrack,1
repression,1
Ion,1
passion,1
murderer,1
view,1
agreement,1
refused,1
pressure,1
post,1
Ronda,1
amounted,1
Urbana,1
intellectual,1
involvement,1
furnishing,1
strategy,1
canal,1
support,1
placing,1
Republics,1
intention,1
authorized,1
Militias,1
attempted,1
delivery,1
trying,1
wish,1
González,1
liberal,1
Bourbons,1
Nacionales,1
moved,1
crusade,1
Revistas,1
New,1
rally,1
peace,1
field,1
America,1
Magazines,1
met,1
star,1
masterpiece,1
driving,1
using,1
home,1
portion,1
Brocca,1
Pablo,1
starting,1
