Chunu,10
Stanger,10
Pimlico,7
echelon,7
manoeuvre,5
muzzle,4
assegai,4
taunt,3
Melmoth,3
SABC,3
Wylie,2
Terrific,2
Eastern,2
jealousy,2
screen,2
retreat,2
cohesion,2
lionise,2
Southern,1
site,1
authority,1
Afrika,1
gang,1
village,1
flank,1
Northern,1
jockeyed,1
contend,1
intervene,1
stream,1
remains,1
assumed,1
veteran,1
alleged,1
vigour,1
dissatisfied,1
structure,1
toll,1
interview,1
proposal,1
persuasion,1
commentator,1
labour,1
opponent,1
slave,1
animal,1
efficacy,1
park,1
missile,1
embarked,1
legionary,1
Fynn,1
chest,1
controversy,1
Donald,1
Napoleon,1
act,1
bucked,1
kraal,1
