Allenby,8
Austro,8
Caporetto,8
Belgian,8
Belgium,8
Clemenceau,8
militarist,8
Scapa,8
Vladivostok,8
Magdhaba,7
infiltration,7
mobilised,7
nitrogen,7
Sonnino,7
Tangistanis,7
squad,7
Balkan,7
Bolshevik,7
Bismarck,7
demobilise,7
Argonne,7
Andelman,6
Serbia,6
Kiel,6
Hohenzollerns,6
Vesle,6
Carpathians,6
Baralong,6
Zeppelins,6
Kamerun,6
barrage,6
Slavs,6
Moudros,6
Pershing,6
Herzegovina,6
Sechault,6
Tondern,6
Bethmann,6
Hollweg,6
Belleau,6
Samoa,6
Balkans,6
Rupprecht,6
militarism,6
Kaiser,6
Gallipoli,6
Arizona,5
guarantee,5
Saloniki,5
irredentism,5
Serbs,5
Debs,5
Scheer,5
Ludendorff,5
Venizelos,5
Thierry,5
pogrom,5
interned,5
Foch,5
Entente,5
Prussia,5
Bolimov,5
Czecho,5
Bolsheviks,5
bureau,5
Mulhouse,5
railway,5
soil,5
Cordiale,5
Przasnysz,5
Scharnhorst,5
Serb,5
alcohol,5
Lusitania,5
Russian,5
ANZAC,5
Serbian,5
Ypres,5
Rafa,5
Zeppelin,5
telegram,5
MÃ¡s,5
Hindenburg,5
Russia,5
Djevad,5
Scheidemann,5
Anzac,5
Tirpitz,5
Bulgaria,5
Prussian,5
ultimatum,5
Austrian,5
explosive,5
Petrograd,5
armistice,5
fielding,5
Mughar,5
neutral,5
Asphyxiating,5
coaling,5
Krupp,4
Kaiserin,4
Beersheba,4
Haig,4
grenade,4
machine,4
Alsace,4
headquarters,4
Louvain,4
Trenches,4
Minenwerfer,4
Russo,4
Gavrilo,4
submarine,4
Nationalities,4
Rasputin,4
Salandra,4
Thiepval,4
Austria,4
manoeuvering,4
Doullens,4
bombardment,4
demobilisation,4
Montenegro,4
German,4
Kitchener,4
factory,4
Brusilov,4
Maubeuge,4
Marne,4
Falkenhayn,4
Freiherr,4
develop,4
Bosnia,4
Enver,4
Litovsk,4
Woodrow,4
Piave,4
Verdun,4
Salonica,4
unrest,4
destroyers,4
trench,4
poilu,4
Beatty,4
tested,4
Reinsurance,4
Texas,4
operation,4
automobile,4
Tsar,4
Slovaks,4
Germany,4
conscription,4
Germans,4
Gneisenau,4
cruiser,4
phosgene,4
Wilhelmshaven,4
Expeditionary,4
Socialists,4
wage,4
firing,4
Kressenstein,4
Asiago,4
Zimmermann,4
McCrae,4
mobilisation,4
Trentino,4
infection,4
patrol,4
prognosis,4
Meuse,4
shortage,4
Slavic,4
salient,4
Roosevelt,4
Vimy,4
Mudros,4
Hutier,4
Lettow,4
Gorizia,4
Slovenes,4
Coronel,4
infiltrated,4
Cadorna,4
Isonzo,4
construction,4
Bucharest,4
offensive,4
Repington,4
Monastir,4
Troopships,3
organized,3
Marghiloman,3
Hospital,3
Vorbeck,3
worker,3
hangars,3
Liebknecht,3
battlefield,3
disease,3
Sopwith,3
shrinkage,3
effort,3
fracturing,3
Stosstruppen,3
exploding,3
training,3
Jellicoe,3
Balloons,3
Berlin,3
Queenstown,3
nationality,3
comradeship,3
Adriatic,3
Tidworth,3
overtime,3
Australians,3
civilians,3
Borden,3
Canal,3
hydrophone,3
Belgrade,3
belligerent,3
depleted,3
interlocking,3
socialist,3
Billy,3
neutrality,3
Kut,3
sniper,3
inspection,3
Turkey,3
Tsingtao,3
control,3
democracy,3
labor,3
outlined,3
Alpini,3
Tannenberg,3
steel,3
syndicalist,3
tireurs,3
operated,3
wire,3
Bulgarians,3
Togoland,3
cadet,3
cashed,3
solution,2
Russians,2
Haeckel,2
Dorrien,2
armoured,2
struggle,2
preparation,2
reserve,2
Big,2
Lorraine,2
initiative,2
raid,2
Missouri,2
Eleftherios,2
propaganda,2
dramatizing,2
merchantman,2
Pacific,2
traction,2
voiced,2
eliminating,2
reaction,2
Kolubara,2
engine,2
oil,2
battleship,2
Gases,2
Trieste,2
Croix,2
Armenians,2
Liman,2
Transylvanian,2
faltered,2
warship,2
Diaz,2
Ukraine,2
caliber,2
Solidarity,2
Bessarabia,2
gas,2
von,2
Dobro,2
amp,2
Warsaw,2
Australian,2
Sarajevo,2
massed,2
material,2
Canadians,2
conscripted,2
system,2
shell,2
lifeboat,2
earning,2
balloon,2
realised,2
Pte,2
Sarikamish,2
Senussi,2
Ivo,2
battleground,1
estimates,1
Zborov,1
anarchist,1
telegraph,1
battlefront,1
destroyer,1
veto,1
formation,1
chlorine,1
Dobruja,1
airship,1
sugar,1
observer,1
Amiens,1
damaged,1
unification,1
nationalists,1
morale,1
car,1
reelected,1
chemical,1
flank,1
counteroffensive,1
Guerre,1
Hungary,1
tonnage,1
deportation,1
manoeuvre,1
concentrate,1
United,1
output,1
International,1
citizenship,1
repatriation,1
Vladimir,1
trained,1
materiel,1
nationhood,1
withdrawal,1
patriotism,1
supply,1
battery,1
Allies,1
development,1
Scarpe,1
Provisional,1
Marine,1
Albania,1
Bissolati,1
Menin,1
Hungarian,1
outpost,1
scarring,1
front,1
evacuated,1
warfare,1
Siberia,1
Hughes,1
Mlada,1
States,1
adoption,1
Americans,1
Japan,1
lung,1
Quentin,1
Muirhead,1
Assyrian,0
