massed,3
Turkestan,2
brigade,2
rebel,2
ein,2
Richmond,2
Afghan,2
Mongol,2
Mussulman,2
scouting,2
Islam,2
corps,1
numbering,1
defender,1
captured,1
Publishers,1
wee,1
Demetrius,1
mosque,1
enlisted,1
precipitate,1
Kashgar,1
halt,1
Porte,1
blockade,1
rear,1
barrow,1
enemy,1
stockade,1
bamboo,1
Kirghiz,1
repulsed,1
Mecca,1
Colonel,1
Mongols,1
Moslems,1
battalion,1
Mohammedan,1
Clan,1
Solon,1
Circuits,1
Baker,1
lieutenant,1
Forsyth,1
Russia,1
Chinese,1
southeast,1
Lotus,1
refugee,1
envoy,1
sheikh,1
grandchild,1
Ottoman,1
Hong,1
Psychology,1
Russians,1
Turkish,1
Ameer,1
unit,1
strategy,1
Russian,1
participated,1
infantry,1
Hans,1
instructor,1
Hastings,1
ordnance,1
Rebels,1
der,1
sultan,1
Pacific,1
Walsh,1
ferry,1
Bales,1
Petersburg,1
Khan,1
artillery,1
offense,1
capture,1
caliph,1
lin,1
Battalions,1
flank,1
role,1
shan,1
Siberia,1
slave,1
cavalry,1
uprising,1
Pekin,1
practiced,1
Dillon,1
headquarters,1
skirmish,1
wounded,1
Cossack,1
