Tangy,10
Sarikol,10
Sokuluk,10
Kokandis,10
Yakoob,10
Altishahr,10
Athalik,10
tungan,10
Tashkent,10
Yangy,10
Kashgarian,10
Kashgari,10
Kokandi,10
dungans,10
retill,10
Neaman,9
Toksoun,9
Kussia,8
Khokandian,8
Zunghar,8
Tsung,8
Korla,6
Kuldja,6
Vlangali,6
Shahr,5
cyclopaedia,5
militarygovernor,5
Tungans,5
Kokandian,4
breechloader,4
Ningyuan,4
Kulja,4
unreasoning,4
Taipings,4
Bugur,4
Turkestani,4
Jahangir,4
Khoten,4
Union,3
Punti,3
committal,3
Kaidu,3
Prjevalsky,3
massed,3
bidder,3
Uyghur,3
Clabaugh,3
Urumtsi,3
Taiping,3
Khokand,3
Anliang,3
shan,3
Sectarianism,3
Khotan,3
manoeuvred,3
depot,3
Jente,2
Kashgar,2
blockade,2
Cantonese,2
Russian,2
chih,2
Australian,2
flank,2
catty,2
Jinji,2
mistreated,2
Moltke,2
bank,2
Ghulam,2
Mahomedan,2
eventuality,2
Mongol,2
Dzungaria,2
Wang,2
atmosphere,2
padishah,2
Turkestan,2
Avhcn,2
antagonism,2
Berlin,2
Republican,2
Jihad,2
Turkestanis,2
Muzart,2
slave,2
Yangi,2
Verhandelingen,2
Spence,2
khojas,2
Corridor,2
Limestone,2
corps,1
dynasty,1
manager,1
Elleman,1
Chuguchak,1
Karashar,1
appointee,1
Standard,1
Yunnan,1
brigade,1
Krupp,1
Yarkand,1
wave,1
Yuldus,1
transmission,1
die,1
solution,1
stockade,1
Tai,1
Sirikul,1
Tseng,1
neighborhood,1
hesitation,1
brawl,1
Andijani,1
movement,1
Clan,1
Braves,1
Professor,1
component,1
dwindling,1
teacher,1
settler,1
Elisabeth,1
accomplished,1
grandchild,1
settled,1
Afraid,1
Forsyth,1
Russians,1
Relations,1
Richmond,1
Hakim,1
Basin,1
firearm,1
unit,1
remains,1
Manchu,1
cooperated,1
Bek,1
Azbuka,1
initiated,1
Tatars,1
occurred,1
emigration,1
commenced,1
Manteuffel,1
effort,1
Mussulman,1
Rebels,1
hour,1
science,1
der,1
Pacific,1
Kalmyks,1
crossed,1
drill,1
ferry,1
Hoser,1
pushed,1
tao,1
Sunnis,1
varied,1
Polytheist,1
animal,1
reconquest,1
panic,1
economy,1
tension,1
uprising,1
halted,1
Khanate,1
headquarters,1
Leslie,1
atrocity,1
Islam,1
installed,1
maneuvered,1
Panthay,1
ethic,1
Kavanagh,1
policy,1
precipitate,1
Chong,1
Shu,1
food,1
Porte,1
Michael,1
Herbert,1
maladministration,1
Hunan,1
Turkic,1
fairy,1
disorganized,1
domain,1
reconquered,1
crushing,1
Mongolia,1
Petersburg,1
operation,1
thoroughness,1
living,1
announced,1
Northwestern,1
oasis,1
rebel,1
Hamil,1
advance,1
Dungan,1
refugee,1
Garnaut,1
Buddhist,1
arsenal,1
Asia,1
Buddhism,1
reached,1
occurrence,1
ghazi,1
Congress,1
mediatized,1
priority,1
realization,1
participated,1
evacuated,1
shell,1
Kamensky,1
overwhelming,1
appreciated,1
population,1
steel,1
Letterkunde,1
Sunni,1
protected,1
Miller,1
bridge,1
occupied,1
atoned,1
permanence,1
isolated,1
majority,1
Hissar,1
Siberia,1
gingalls,1
quota,1
Zhan,1
position,1
prisoner,1
assessed,1
Twitchett,1
Korsakoff,1
neighboring,1
reestablished,1
barrel,1
Appletons,1
Cossack,1
notion,1
reserve,1
Jakob,1
Badaulet,1
sycee,1
townspeople,1
liberation,1
Hastings,1
Louis,1
Turfan,1
Yart,1
Manchus,1
Washington,1
gram,1
withdrawal,1
bannerman,1
official,1
observer,1
immigrant,1
Mongols,1
aroused,1
arm,1
Karakol,1
favor,1
Folklore,1
Central,1
Uzbek,1
interfere,1
Buzurg,1
Tompkins,1
concentrated,1
Eurasia,1
connection,1
grain,1
Kokand,1
Tokmak,1
negotiation,1
Turkish,1
village,1
belt,1
steadiness,1
strategy,1
direction,1
TIENTSIN,1
Yang,1
worked,1
instructor,1
tael,1
case,1
khoja,1
Kucha,1
Bales,1
ein,1
Khan,1
barreled,1
administration,1
member,1
cyclopedia,1
Petersbug,1
sheltered,1
Kwang,1
constructed,1
conflict,1
material,1
Khans,1
flooded,1
Ili,1
Fairbank,1
Aksu,1
shotgun,1
States,1
toil,1
organization,1
United,1
camel,1
numbering,1
Barnaul,1
point,1
retreat,1
progressed,1
Salar,1
Henan,1
mob,1
Yemen,1
rear,1
insurgent,1
Hakka,1
retake,1
Andijanis,1
uproar,1
Tekes,1
bamboo,1
starvation,1
Kirghiz,1
joking,1
Kolpakovsky,1
back,1
Kuo,1
Moslems,1
rapidity,1
mulla,1
scale,1
Taranchis,1
repression,1
manufactured,1
Baker,1
expansion,1
Groot,1
Wetenschappen,1
manufacturing,1
Russia,1
unopposed,1
stricken,1
Ottoman,1
Psychology,1
Ush,1
lung,1
fired,1
area,1
assumed,1
question,1
occupy,1
Januarv,1
mistreatment,1
construction,1
trying,1
evinced,1
Vol,1
Wali,1
Tungani,1
Crisis,1
originating,1
statesmanlike,1
cotton,1
Lai,1
foothills,1
invalid,1
reality,1
Buddhists,1
garbed,1
Zuo,1
scouting,1
responded,1
ramification,1
push,1
Mandarinate,1
