Walcheren,10
Continental,10
Waterloo,10
Tolly,10
Niemen,10
Brune,10
Petersburg,10
Napoleon,10
Aube,10
Formio,10
Marengo,10
Santander,10
Essling,10
Kaluga,10
Directory,10
Borodino,10
Derville,10
Wellington,10
Ciudad,10
Berezina,10
Trafalgar,10
Fleurus,10
Ney,10
Morland,10
Batavian,10
Grouchy,10
Ghent,10
Wittgenstein,10
Maturin,10
Polotsk,9
Wavre,9
Thielmann,9
Aspern,8
Wagram,8
blockaded,8
Hussar,8
evacuated,7
subjugation,7
Leclerc,7
cuirassier,7
Raszyn,7
Louisiana,6
Eylau,6
Salamanca,6
armament,6
revolutionized,6
Michel,6
Asturias,6
Leo,6
tax,5
Villeneuve,5
Badajoz,5
Edmond,5
detachment,5
consequence,5
squadron,5
stationed,5
Brumaire,5
Russians,5
Brigadier,5
Russia,5
effectives,5
retreat,4
rise,4
independence,4
Dean,4
Shea,4
escarpment,4
Russian,4
Berthier,4
deserter,4
Temeraire,4
Smolensk,4
frigate,4
reconnoitred,4
Prussian,4
belligerent,4
engagement,4
lease,4
forming,4
soared,4
ensued,4
Kydd,4
Rostopchin,4
Dano,4
armistice,4
commerce,4
drain,4
Gerard,4
superiority,4
militia,4
amounted,4
Britain,4
Boulogne,4
resistance,3
Vitoria,3
Murat,3
Bruce,3
sur,3
situation,3
troops,3
Genoa,3
Austerlitz,3
Arcis,3
flank,3
cannon,3
Americans,3
Carnot,3
invasion,3
tendency,3
Liberal,3
afforded,3
Aubrey,3
Esdaile,3
circumstance,3
Bavarian,3
Brazil,3
reversed,3
peaked,3
Peter,3
Prussia,3
occupied,3
veteran,3
forces,3
paid,3
Tilsit,3
Portuguese,3
alarm,3
disease,3
Louis,3
reserve,3
Léger,3
capitulate,3
attention,3
colony,3
Allies,3
attacked,3
Alexandre,3
Amiens,3
partner,3
continent,3
rear,3
Britannica,3
Grandville,3
epic,3
Friedland,3
evacuate,3
Egypt,3
contest,3
Chandler,3
Corps,3
Warsaw,3
Tyrol,2
supported,2
Shirley,2
consolidation,2
surgeon,2
harried,2
FRANCE,2
Pictures,2
Griffith,2
prevent,2
revolution,2
soul,2
invaded,2
witnessed,2
capital,2
Cape,2
public,2
abolition,2
Naomi,2
campaign,2
Ships,2
army,2
opposed,2
separated,2
Pitt,2
reign,2
origin,2
crossed,2
give,2
sphere,2
Nord,2
invulnerability,2
armies,2
Powers,2
attempt,2
restriction,2
Doyle,2
Révolution,2
Cádiz,2
Burgos,2
Coinciding,2
signing,2
reached,2
operation,2
frontier,2
surprise,2
Chatham,2
approached,2
enveloping,2
rebel,2
advance,2
Madrid,2
retain,2
says,2
system,2
Jacky,2
scheme,2
participated,2
Cannes,2
Talbot,2
Sutherland,2
Finisterre,2
say,2
seed,2
combat,2
roster,2
regular,2
considered,2
Dynasty,2
extricating,2
Paris,2
ulcer,2
occupation,2
Wallis,2
ascended,2
consisting,2
violated,2
France,2
Archduchess,2
Berlin,2
continuation,2
accusation,2
maintained,2
village,2
Nepomuceno,2
poem,2
territory,2
Mack,2
fund,2
minister,2
Rory,2
demand,2
case,2
governor,2
air,2
Martinez,2
Marshals,2
fleet,2
balance,2
Italy,2
Horatio,2
Admiral,2
Frenchmen,2
prevented,2
Frederic,2
monarch,2
week,2
Bothnia,2
position,2
alternate,2
guaranteed,2
Ligny,2
increased,2
conscript,2
Nelson,2
world,2
advanced,2
Barclay,2
Deserters,2
success,2
Gulf,2
outnumber,2
Holy,2
Harrod,2
Les,2
Bryant,2
Dragoons,2
Emperor,2
First,2
throne,2
column,2
Austria,2
Erfurt,2
existed,2
assumed,2
attempted,2
line,2
blockading,2
directed,2
temper,2
proved,2
influence,2
Malta,2
fodder,2
star,2
preceding,2
Fernando,2
heroine,2
unpopularity,2
suffers,2
Makepeace,2
Gunther,2
reorganized,1
dissolution,1
month,1
ceased,1
mile,1
battle,1
seemed,1
Adversaries,1
Seeking,1
Essential,1
Union,1
Western,1
sent,1
division,1
seized,1
advantage,1
blockade,1
rearguard,1
continued,1
Charlotte,1
hour,1
shock,1
joined,1
punish,1
Paul,1
Wellesley,1
force,1
Christie,1
Stephen,1
Poles,1
sustaining,1
Jane,1
General,1
victor,1
established,1
defence,1
colonel,1
contributed,1
favour,1
Alan,1
find,1
Campaigns,1
European,1
Quatre,1
movement,1
supporting,1
explosion,1
Light,1
component,1
believed,1
Crimean,1
Glover,1
separation,1
standard,1
Confederation,1
voice,1
Cynthia,1
père,1
survey,1
action,1
struggle,1
intendants,1
Harvey,1
affected,1
Patriotic,1
remnant,1
Cassel,1
verge,1
Reader,1
Elba,1
XVIII,1
crisis,1
Nicolas,1
Europe,1
plot,1
remains,1
doubling,1
manufacturer,1
artillery,1
Ice,1
possession,1
loss,1
blocking,1
none,1
Family,1
currency,1
fortified,1
pretend,1
coalition,1
remain,1
Jena,1
arrive,1
root,1
industry,1
history,1
control,1
process,1
infantry,1
Oudinot,1
Travelling,1
deplored,1
advancing,1
Wheel,1
Eagle,1
Dresden,1
fever,1
paramount,1
description,1
British,1
Pyrenees,1
produce,1
Swiss,1
Civil,1
maintain,1
dream,1
divided,1
food,1
essence,1
trade,1
produced,1
Venetia,1
destruction,1
equip,1
blocked,1
constituted,1
Schroeder,1
Pressburg,1
undermined,1
vicinity,1
destroyed,1
enlisted,1
criminal,1
campaigned,1
Tactics,1
finance,1
Michael,1
nation,1
arriving,1
guillotined,1
flee,1
killed,1
association,1
enacted,1
San,1
Rochefort,1
peasant,1
redraw,1
consolidate,1
Rhine,1
map,1
Endurance,1
idea,1
Science,1
navy,1
avoided,1
event,1
Ross,1
abdication,1
Adieu,1
sufficed,1
interference,1
HMS,1
method,1
Bloody,1
health,1
Vanity,1
quarter,1
siege,1
abdicated,1
threatened,1
difficulty,1
reason,1
Conscripts,1
remainder,1
Years,1
allied,1
retreating,1
Danube,1
south,1
reinforced,1
smoother,1
number,1
miscalculation,1
Territories,1
sailor,1
Quarterly,1
quality,1
North,1
Eastern,1
concentrating,1
historian,1
Lieutenant,1
returns,1
Silesia,1
Patrick,1
Misérables,1
Preparation,1
seat,1
population,1
Seven,1
Napoleons,1
succeeded,1
showed,1
See,1
legacy,1
architect,1
bombardment,1
remained,1
Anglo,1
Baillot,1
Naples,1
strength,1
overthrew,1
belief,1
conscription,1
provoked,1
interfered,1
completed,1
seizing,1
province,1
experienced,1
equipping,1
plan,1
occurred,1
prisoner,1
capacity,1
prostitute,1
Austrians,1
Bourbons,1
dissolved,1
principle,1
Copenhagen,1
forage,1
coup,1
United,1
utter,1
Jean,1
depended,1
Greenhill,1
ruin,1
proportion,1
liberation,1
going,1
employed,1
Dwyer,1
founding,1
king,1
hostility,1
toll,1
coast,1
Dupuy,1
aim,1
state,1
annexation,1
Issy,1
warfare,1
enemy,1
resource,1
encroached,1
Honoré,1
troop,1
Austen,1
Austrian,1
view,1
exists,1
decided,1
Passion,1
result,1
pretext,1
operated,1
Armée,1
arm,1
amalgamated,1
consolidating,1
reform,1
opening,1
importance,1
preserve,1
Campo,1
Cadiz,1
sold,1
Against,1
Ancien,1
visited,1
Holland,1
Archduke,1
received,1
Monte,1
garrison,1
country,1
called,1
besieging,1
cog,1
sense,1
Kent,1
adapted,1
Helena,1
duty,1
opposition,1
Sir,1
period,1
smuggler,1
Dutch,1
ravaged,1
Riley,1
west,1
Cornwell,1
been,1
Sardinia,1
combined,1
semaphore,1
poet,1
Bonapartist,1
Six,1
mind,1
Poland,1
Trevor,1
finished,1
recalled,1
aid,1
Shannon,1
supply,1
Alexander,1
Purchase,1
vol,1
von,1
defeated,1
commander,1
discrepance,1
Peninsular,1
Hofer,1
fate,1
author,1
balloon,1
expanded,1
elevated,1
rebellion,1
Indicative,1
attack,1
conflict,1
posed,1
effect,1
XVI,1
arrived,1
military,1
Flight,1
rivalling,1
opportunity,1
expand,1
built,1
levée,1
Muir,1
pressed,1
Neapolitan,1
Protected,1
command,1
machinery,1
founds,1
assembling,1
endeavour,1
front,1
Bourbon,1
Paddy,1
adding,1
candidate,1
Far,1
rose,1
source,1
occurring,1
hat,1
remaining,1
kingdom,1
Fontainebleau,1
government,1
income,1
semi,1
security,1
disorder,1
grouping,1
Swedish,1
staff,1
drilled,1
excerpt,1
Jonathan,1
Vienna,1
Danish,1
theatre,1
Cuba,1
colonial,1
Moscow,1
deploy,1
Hornblower,1
stopped,1
leader,1
trap,1
Sweden,1
Prejudice,1
conducting,1
retreated,1
island,1
firing,1
afternoon,1
neighbor,1
concession,1
marshal,1
outstripped,1
raised,1
Pedro,1
communication,1
Juan,1
year,1
invading,1
neutrality,1
electorate,1
support,1
Bonaparte,1
besieged,1
imperial,1
grave,1
fraction,1
Armee,1
globe,1
ensured,1
building,1
imprisonment,1
form,1
smuggling,1
duchy,1
delayed,1
land,1
authority,1
survived,1
Ulm,1
duel,1
partitioned,1
morning,1
reinforcement,1
convince,1
limit,1
character,1
Bras,1
Prussians,1
lived,1
exist,1
treaty,1
cavalry,1
weakened,1
peace,1
Donald,1
occupying,1
application,1
republic,1
Know,1
wing,1
thousand,1
Structure,1
formed,1
April,1
award,1
remote,1
Cossack,1
moved,1
required,1
governed,1
Dumas,1
portion,1
requisition,1
