Puntos,10
Indiana,10
nationalization,10
stabilizing,10
Venustiano,10
gun,10
Denver,10
Arizona,10
peonage,10
group,10
Bolshevik,10
Murals,10
factory,10
Paso,10
autocrat,10
depleted,10
Germans,10
sponsored,10
Postcards,10
Banditry,10
Texas,10
Constitutionalists,10
Efectivo,10
Expeditionary,10
Huerta,10
budgeted,10
worker,10
soil,10
Carranza,10
Pershing,10
wage,10
Germany,10
centralize,10
Bonillas,10
Madero,10
Woodrow,10
Pact,10
Russia,10
Arango,10
construction,10
Villistas,10
peso,10
test,10
Textbook,10
Coahuila,10
Ypiranga,9
Bulletin,9
organized,9
Sonoran,9
operation,9
surplus,9
outlet,9
progressive,9
operated,9
bandit,9
Carl,9
mobilized,9
Workers,8
Tech,8
effort,8
Orozco,8
elección,8
Isabel,8
Research,8
Sufragio,8
Creelman,8
problem,8
Taft,8
División,7
democracy,7
countryside,7
eliminated,7
impact,7
criticized,7
distribution,7
organization,7
progressed,7
grouping,7
battalion,7
Mellen,7
proletariat,6
lack,6
school,6
Houghton,6
exploitation,6
American,6
control,6
penitentiary,6
organize,6
material,6
struggle,6
Chihuahua,6
mechanism,6
Lind,6
Pino,6
Madre,6
industry,6
Hanrahan,6
California,6
Porfirio,6
upheaval,6
Executive,6
Swanson,5
experimentation,5
curriculum,5
train,5
slogan,5
Hardman,5
Federal,5
farm,5
Mexico,5
Paternalism,5
stabilize,5
week,5
formation,5
Hollywood,5
system,5
centered,5
Hauss,5
Solidarity,5
Mifflin,5
Barrera,5
damaged,5
supply,5
treatment,5
staged,5
propaganda,5
Railway,5
replacement,5
Mexican,5
Colorados,5
supplement,4
feeding,4
graph,4
condition,4
hacendados,4
mobilize,4
slowed,4
Reyes,4
Boys,4
duck,4
working,4
car,4
Gonzales,4
food,4
favored,4
Victoriano,4
Santa,4
Dennis,4
York,4
factor,4
Rio,4
Cinema,4
color,4
Hermila,4
demand,4
socialism,4
administration,4
Myers,4
States,4
United,4
rotated,4
Paranagua,4
amp,4
International,4
Economics,4
Americans,4
Andrés,4
incorporation,4
dealer,4
rubber,4
peak,4
Benito,4
portion,4
Today,3
McLaughlin,3
removal,3
Eulalio,3
dictatorship,3
accomplished,3
anarchist,3
Battleground,3
Mexicali,3
clothing,3
Yale,3
fighting,3
counter,3
Neri,3
Zapata,3
gunman,3
farmer,3
policy,3
Insurgent,3
Padgett,3
civilian,3
San,3
characterized,3
Peasants,3
sentiment,3
Orozquistas,3
advance,3
bourgeoisie,3
Helpless,3
utilized,3
reversed,3
Zapatistas,3
Lenin,3
warfare,3
Paz,3
Anna,3
Leaders,3
Washington,3
terrain,3
tended,3
Trotsky,3
concentrated,3
Thomson,3
expense,3
ambushed,3
trademark,3
drafting,3
rancher,3
situation,3
Prieta,3
Libertad,3
development,3
raid,3
Manuel,3
Julia,3
candidate,3
adoption,3
Britannica,3
entrenched,3
addressed,3
provided,3
recognized,3
housing,3
medium,3
line,3
nationalism,3
Francisco,3
Direct,3
gang,2
concerned,2
Jennings,2
nationalize,2
populist,2
prevent,2
revolution,2
occurrence,2
investment,2
Ayala,2
decade,2
capital,2
Weinstock,2
appeal,2
Bourgeois,2
movement,2
birthplace,2
agreement,2
attainment,2
involved,2
resulting,2
action,2
Rivera,2
secure,2
campaign,2
replace,2
Guadalupe,2
Louisville,2
crisis,2
Studies,2
strike,2
Liberation,2
install,2
Tannenbaum,2
pushed,2
uprising,2
curiosity,2
Intellectuals,2
guerilla,2
capitalist,2
restriction,2
mission,2
Comandantes,2
thumb,2
Revolutionaries,2
stalemate,2
finance,2
combination,2
Social,2
fled,2
Burgos,2
equality,2
intervene,2
Deference,2
slave,2
monopolized,2
approached,2
Miguel,2
thrown,2
trágica,2
Blanca,2
Norte,2
needed,2
attack,2
Encyclopaedia,2
Margarita,2
collapse,2
relationship,2
providing,2
Movements,2
spectrum,2
ideal,2
causing,2
wanting,2
watchword,2
involving,2
plan,2
laicization,2
professor,2
Punitive,2
Pancho,2
professional,2
voting,2
violation,2
planning,2
Cinco,2
going,2
sierra,2
ascended,2
Snodgrass,2
fixed,2
arm,2
importance,2
attention,2
league,2
irregular,2
tone,2
community,2
anti,2
commission,2
Old,2
aim,2
Parral,2
Plutarco,2
descent,2
practice,2
companion,2
redistribution,2
world,2
Bloomington,2
railroad,2
decentralization,2
government,2
Ramón,2
semi,2
postcard,2
works,2
delegation,2
arbitrated,2
raided,2
leadership,2
area,2
ejidos,2
war,2
Regarding,2
Science,2
removed,2
Brig,2
recognize,2
education,2
regime,2
included,2
building,2
Pablo,2
push,2
lasted,1
founded,1
protest,1
assembled,1
diluting,1
Painting,1
citing,1
program,1
seized,1
returned,1
Constitutional,1
flirted,1
ending,1
scholar,1
list,1
Meyer,1
enforce,1
surrounding,1
revolutionist,1
pass,1
Chiapas,1
section,1
favour,1
crush,1
pragmatism,1
public,1
men,1
misgiving,1
pursuit,1
aid,1
Macias,1
Stephanie,1
property,1
military,1
decentralized,1
admired,1
shifting,1
Aguascalientes,1
forefront,1
establish,1
Europe,1
Hoy,1
skirmished,1
sake,1
contains,1
petroleum,1
music,1
memory,1
revolutionary,1
Christina,1
started,1
reign,1
Americas,1
citizenry,1
arranging,1
midst,1
Restored,1
room,1
hour,1
work,1
faced,1
claim,1
stated,1
agent,1
escaped,1
wished,1
airplane,1
docking,1
goal,1
poetry,1
abdicate,1
pension,1
Powers,1
promotion,1
succeeded,1
acknowledged,1
capitalism,1
Salinas,1
Trust,1
Irene,1
Wilson,1
Jim,1
pretext,1
negotiated,1
banknote,1
destroyed,1
dam,1
Socialist,1
Michael,1
lionized,1
dock,1
maintaining,1
McCard,1
notified,1
university,1
peasant,1
Stanley,1
side,1
met,1
related,1
used,1
authenticity,1
avoided,1
message,1
Ross,1
Apostolic,1
Gandy,1
Topete,1
Agua,1
compadre,1
sympathized,1
announced,1
rebuilding,1
humiliating,1
Historical,1
Soldiers,1
wanted,1
service,1
rule,1
keep,1
support,1
Reflections,1
number,1
sympathy,1
pgs,1
president,1
vote,1
city,1
little,1
Miriam,1
Congress,1
failed,1
passed,1
convention,1
Desert,1
Fortune,1
Hispanic,1
mural,1
vacated,1
France,1
haven,1
population,1
polarized,1
Galindo,1
treated,1
Chicago,1
landless,1
element,1
Drift,1
expansionist,1
majority,1
build,1
hacienda,1
swelled,1
bloodshed,1
Calles,1
paid,1
took,1
position,1
emancipation,1
Octavio,1
class,1
cover,1
drive,1
Donald,1
Political,1
Dolores,1
Jean,1
Southwest,1
Lewiston,1
Photography,1
winner,1
jailed,1
means,1
stop,1
México,1
artist,1
remove,1
worried,1
Obregón,1
landlord,1
including,1
art,1
memorialising,1
Enrique,1
seat,1
relative,1
decided,1
National,1
led,1
Decena,1
Paula,1
favor,1
state,1
Terry,1
Baja,1
ruptured,1
Emiliano,1
pushing,1
creating,1
Doremus,1
Shaped,1
Study,1
betrayed,1
improve,1
Jesús,1
period,1
adding,1
Literature,1
stamp,1
help,1
Realities,1
Bonapartist,1
educated,1
controlled,1
thousand,1
formed,1
Philadelphia,1
tense,1
representative,1
worked,1
case,1
Lázaro,1
cash,1
Culture,1
replaced,1
Exile,1
landslide,1
Chasteen,1
Imperial,1
Liberals,1
Ruiz,1
Arden,1
unite,1
member,1
Blood,1
Oxford,1
outbreak,1
document,1
conflict,1
Potosí,1
mountain,1
Institute,1
director,1
moving,1
Publications,1
student,1
destruction,1
Struble,1
Durango,1
Marxists,1
Mexicana,1
mandate,1
Ricardo,1
nicknamed,1
Hodges,1
intelligence,1
Torres,1
redistributed,1
reformer,1
rose,1
character,1
Luis,1
Victoria,1
arrest,1
Connecticut,1
Berkeley,1
gave,1
Ortega,1
ferment,1
vacuum,1
Revolución,1
name,1
loss,1
confront,1
officer,1
Learning,1
excerpt,1
election,1
Soto,1
Fire,1
Frank,1
decision,1
miner,1
Albuquerque,1
stopped,1
journalist,1
bolster,1
remembered,1
strained,1
corp,1
Kentucky,1
Puebla,1
freedom,1
army,1
Committee,1
act,1
allowing,1
Progress,1
Womack,1
phase,1
frightened,1
intervention,1
removing,1
Rausch,1
influencing,1
heritage,1
unseat,1
Elena,1
Pascual,1
Bryan,1
Following,1
Rurales,1
Britain,1
Fuentes,1
liberal,1
nationalist,1
Farmers,1
Nacional,1
promised,1
home,1
politics,1
peace,1
branch,1
compete,1
Carolina,1
Las,1
expropriation,1
Espinosa,1
Musical,1
incurred,1
Myth,1
carrying,1
status,1
starting,1
caste,1
