Swanson,10
Madero,10
Sufragio,10
Chihuahua,10
Hermila,10
Creelman,9
mobilize,8
Hardman,8
Bolshevik,7
Stephanie,7
Paso,7
socialism,7
Prieta,7
redistribution,7
Socialist,6
pragmatism,6
Huerta,6
Villistas,6
elección,6
Patriarchy,6
Railway,6
Texas,5
amp,5
progressive,5
Shirlene,5
anarchist,5
Efectivo,5
Venustiano,5
Coahuila,5
McLaughlin,4
railroad,4
memorialising,4
petroleum,4
Mifflin,4
mobilized,4
insurgency,3
Workers,3
Indiana,3
Pershing,3
postcard,3
Arango,3
Meyer,3
Russia,3
Mellen,3
democracy,3
Rightward,3
laicization,3
Carranza,2
surplus,2
Ricardo,2
Amezcua,2
nationalization,2
Solidarity,2
Sonoran,2
nationalize,2
populist,2
Wikipedia,2
operation,2
factory,2
Orozquistas,2
Womack,2
Constitutionalists,2
community,2
Miriam,2
Ypiranga,2
system,2
Zapatista,2
Expeditionary,2
Hauss,2
construction,2
Lewiston,2
peso,2
organize,2
Battleground,2
Chasteen,2
control,2
Porfirio,2
upheaval,2
rubber,2
Victoriano,2
Germans,2
raid,2
peonage,1
Mexicana,1
United,1
Pino,1
proletariat,1
violation,1
hectare,1
Puntos,1
rotated,1
Dolores,1
gang,1
Paranagua,1
Zapata,1
wage,1
candidate,1
Bulletin,1
Lázaro,1
adoption,1
Gonzales,1
Pascual,1
Postcards,1
Padgett,1
food,1
dam,1
Otilio,1
Eulalio,1
Ortega,1
outlet,1
Revolución,1
warfare,1
backlash,1
hacendados,1
centralize,1
Bonillas,1
Poniatowska,1
Denver,1
revolutionist,1
Bloomington,1
operated,1
Paula,1
Montaño,1
aim,1
redistributed,1
Frank,1
Gandy,1
Woodrow,1
Anna,1
Baja,1
Germany,1
Central,1
formation,1
struggle,1
concentrated,1
landslide,1
funded,1
propaganda,1
Americans,1
Hanrahan,1
supply,1
emancipation,1
Louisville,1
Guerrero,1
Aguascalientes,1
compadre,1
working,1
Partido,1
strategy,1
Rausch,1
convention,1
rancher,1
legitimization,1
medium,1
reversed,1
worker,1
incorporation,1
eliminated,1
effort,1
Taft,1
polarized,1
room,1
Rurales,1
car,1
work,1
install,1
Parral,1
Movements,1
Chicago,1
lobbying,1
soil,1
Jiménez,1
organized,1
pushed,1
educated,1
depleted,1
International,1
regime,1
damaged,1
autocrat,1
Decena,1
ideal,1
causing,1
ferment,1
development,1
material,1
California,1
farm,1
uprising,1
Arizona,1
phase,1
Myers,1
penitentiary,1
voting,1
Struble,1
Executive,1
States,1
Pablo,1
push,1
organization,1
Colorados,1
